{
  "timestamp": 1770219205.2293973,
  "lift_position": -0.030000000000000006
}