{
  "observation.state": {
    "mean": [
      0.9176693558692932,
      -0.31375569105148315,
      0.4722331762313843,
      -0.7483692765235901,
      0.37255024909973145,
      -0.11411308497190475,
      0.30859375,
      -0.9643332362174988,
      0.020064955577254295,
      0.29509907960891724,
      -0.6063610911369324,
      0.40604284405708313,
      0.2270405888557434,
      0.024810370057821274,
      -0.030895506963133812,
      0.0783737450838089
    ],
    "std": [
      0.19699804484844208,
      0.025306817144155502,
      0.048197127878665924,
      0.05191885307431221,
      0.03793339431285858,
      0.03966536745429039,
      0.0,
      0.2314135730266571,
      0.35750535130500793,
      0.1544291079044342,
      0.20052635669708252,
      0.31218627095222473,
      0.064674511551857,
      0.07633655518293381,
      0.0937536358833313,
      0.5694730281829834
    ],
    "min": [
      -0.6259765625,
      -0.40869140625,
      0.4033203125,
      -1.0,
      0.04931640625,
      -0.12109375,
      0.30859375,
      -1.0,
      -0.95361328125,
      -0.40478515625,
      -1.0,
      -0.40966796875,
      0.048828125,
      -0.12451171875,
      -0.30859375,
      -1.0
    ],
    "max": [
      0.953125,
      0.02197265625,
      0.99951171875,
      -0.06201171875,
      0.37939453125,
      0.171875,
      0.30859375,
      0.99951171875,
      0.8232421875,
      0.58984375,
      -0.14013671875,
      0.99951171875,
      0.5693359375,
      0.21142578125,
      0.15869140625,
      0.99951171875
    ]
  },
  "action": {
    "mean": [
      0.9176130294799805,
      -0.3137648403644562,
      0.47222986817359924,
      -0.7483568787574768,
      0.3725455105304718,
      -0.1141052171587944,
      0.30859375,
      -0.9643128514289856,
      0.02268076129257679,
      0.29545316100120544,
      -0.6064007878303528,
      0.4052150845527649,
      0.227203831076622,
      0.02446858398616314,
      -0.030595693737268448,
      0.07906758785247803
    ],
    "std": [
      0.19725947082042694,
      0.025319766253232956,
      0.04817279055714607,
      0.05188894644379616,
      0.03795448690652847,
      0.03968581557273865,
      0.0,
      0.23147188127040863,
      0.3556888997554779,
      0.15405893325805664,
      0.2007002830505371,
      0.3117178976535797,
      0.06456538289785385,
      0.07612733542919159,
      0.09369097650051117,
      0.5692427754402161
    ],
    "min": [
      -0.6259765625,
      -0.40869140625,
      0.4033203125,
      -1.0,
      0.04931640625,
      -0.12109375,
      0.30859375,
      -1.0,
      -0.95361328125,
      -0.40478515625,
      -1.0,
      -0.40966796875,
      0.048828125,
      -0.12451171875,
      -0.30859375,
      -1.0
    ],
    "max": [
      0.953125,
      0.02197265625,
      0.99951171875,
      -0.06201171875,
      0.37939453125,
      0.171875,
      0.30859375,
      0.99951171875,
      0.8232421875,
      0.58984375,
      -0.14013671875,
      0.99951171875,
      0.5693359375,
      0.21142578125,
      0.15869140625,
      0.99951171875
    ]
  },
  "STATE": {
    "mean": [
      0.9176693558692932,
      -0.31375569105148315,
      0.4722331762313843,
      -0.7483692765235901,
      0.37255024909973145,
      -0.11411308497190475,
      0.30859375,
      -0.9643332362174988,
      0.020064955577254295,
      0.29509907960891724,
      -0.6063610911369324,
      0.40604284405708313,
      0.2270405888557434,
      0.024810370057821274,
      -0.030895506963133812,
      0.0783737450838089
    ],
    "std": [
      0.19699804484844208,
      0.025306817144155502,
      0.048197127878665924,
      0.05191885307431221,
      0.03793339431285858,
      0.03966536745429039,
      0.0,
      0.2314135730266571,
      0.35750535130500793,
      0.1544291079044342,
      0.20052635669708252,
      0.31218627095222473,
      0.064674511551857,
      0.07633655518293381,
      0.0937536358833313,
      0.5694730281829834
    ]
  },
  "ACTION": {
    "mean": [
      0.9176130294799805,
      -0.3137648403644562,
      0.47222986817359924,
      -0.7483568787574768,
      0.3725455105304718,
      -0.1141052171587944,
      0.30859375,
      -0.9643128514289856,
      0.02268076129257679,
      0.29545316100120544,
      -0.6064007878303528,
      0.4052150845527649,
      0.227203831076622,
      0.02446858398616314,
      -0.030595693737268448,
      0.07906758785247803
    ],
    "std": [
      0.19725947082042694,
      0.025319766253232956,
      0.04817279055714607,
      0.05188894644379616,
      0.03795448690652847,
      0.03968581557273865,
      0.0,
      0.23147188127040863,
      0.3556888997554779,
      0.15405893325805664,
      0.2007002830505371,
      0.3117178976535797,
      0.06456538289785385,
      0.07612733542919159,
      0.09369097650051117,
      0.5692427754402161
    ]
  }
}